participant_name,program_name,rating,comments,submitted_at
Nicole Hall,Cloud Computing with AWS,2,Very practical and industry-relevant training.,2025-02-11 03:01:00
Lauren Robinson,Power BI Dashboards,5,The hands-on exercises were the best part of the program.,2024-10-06 23:06:00
Priya Patel,Python for Data Science,2,Very practical and industry-relevant training.,2025-01-30 13:02:00
Jessica Anderson,Machine Learning Essentials,5,Training material was comprehensive and well-organized.,2025-01-08 19:01:00
Sunita Desai,Cybersecurity Fundamentals,1,Absolutely loved the program. Will recommend to colleagues.,2024-10-27 14:37:00
Sunita Desai,FastAPI Masterclass,2,One of the best training programs I have attended.,2025-02-26 13:21:00
Vikram Nair,Docker & Kubernetes,3,Would have preferred more interactive sessions.,2024-09-27 02:24:00
Leela Murthy,DevOps Pipeline Training,1,The live projects were extremely helpful.,2024-11-07 01:46:00
John Thompson,Agile & Scrum Certification,3,Fantastic experience from start to finish.,2024-09-21 17:18:00
Rohan Mehta,Data Engineering with Spark,2,Needs improvement in the assessment section.,2024-10-20 22:04:00
Vikram Nair,SQL and Database Design,3,Instructor was very engaging and supportive throughout.,2024-09-21 07:55:00
Divya Shetty,Docker & Kubernetes,2,,2025-02-10 11:10:00
Lauren Robinson,Data Engineering with Spark,1,Would have preferred more interactive sessions.,2024-11-08 22:59:00
Kevin Walker,Machine Learning Essentials,2,Instructor was very engaging and supportive throughout.,2025-02-10 05:34:00
John Thompson,Power BI Dashboards,5,Very practical and industry-relevant training.,2024-12-07 08:59:00
Samantha Young,Cybersecurity Fundamentals,1,Very practical and industry-relevant training.,2025-02-23 10:53:00
Nikhil Tiwari,SQL and Database Design,3,The hands-on exercises were the best part of the program.,2025-03-30 01:51:00
Stephanie Lewis,Docker & Kubernetes,2,,2024-10-25 18:56:00
Megan Garcia,JavaScript Advanced Concepts,2,The assignments helped reinforce the concepts well.,2025-01-06 12:56:00
Jessica Anderson,DevOps Pipeline Training,3,Fantastic experience from start to finish.,2024-10-06 07:47:00
Divya Shetty,Machine Learning Essentials,2,Exceeded expectations. Highly recommended.,2024-12-19 18:25:00
Sneha Iyer,Flutter Mobile Development,1,Good overall but needs more real-world examples.,2025-01-05 02:48:00
Lauren Robinson,SQL and Database Design,5,The hands-on exercises were the best part of the program.,2025-02-08 05:50:00
Leela Murthy,DevOps Pipeline Training,3,Some modules were repetitive and could be condensed.,2024-12-08 12:38:00
Kevin Walker,Python for Data Science,5,The assignments helped reinforce the concepts well.,2025-04-09 00:43:00
Deepa Kumar,Cloud Computing with AWS,4,Absolutely loved the program. Will recommend to colleagues.,2025-03-16 20:21:00
Kevin Walker,Cloud Computing with AWS,5,Absolutely loved the program. Will recommend to colleagues.,2024-12-26 00:46:00
John Thompson,Cloud Computing with AWS,5,Would have preferred more interactive sessions.,2025-01-08 03:55:00
Brian Allen,FastAPI Masterclass,5,Exceeded expectations. Highly recommended.,2024-10-21 04:23:00
Nikhil Tiwari,JavaScript Advanced Concepts,1,Trainer was knowledgeable and explained concepts clearly.,2025-04-24 00:38:00
Ritika Chopra,Machine Learning Essentials,1,Very practical and industry-relevant training.,2025-04-26 11:56:00
Ananya Singh,Power BI Dashboards,4,The hands-on exercises were the best part of the program.,2025-04-13 18:05:00
Rahul Joshi,FastAPI Masterclass,4,Some modules were repetitive and could be condensed.,2025-03-14 17:49:00
David Harris,SQL and Database Design,2,Some modules were repetitive and could be condensed.,2024-10-13 08:33:00
Siddharth Das,Power BI Dashboards,3,The live projects were extremely helpful.,2025-03-13 23:44:00
Tarun Saxena,Node.js Backend Development,5,Instructor was very engaging and supportive throughout.,2025-02-19 20:23:00
Kiran Reddy,Docker & Kubernetes,1,Fantastic experience from start to finish.,2024-10-01 07:14:00
Aditya Rao,React Fundamentals Bootcamp,1,,2025-01-20 07:37:00
Kiran Reddy,Node.js Backend Development,1,One of the best training programs I have attended.,2025-02-09 01:14:00
Sunita Desai,Data Engineering with Spark,4,"Content was outdated in some sections, needs updating.",2024-09-19 16:15:00
William Thomas,Agile & Scrum Certification,4,Very practical and industry-relevant training.,2025-01-17 04:46:00
Varun Malhotra,Machine Learning Essentials,1,Trainer was knowledgeable and explained concepts clearly.,2025-03-20 15:51:00
Anjali Yadav,SQL and Database Design,4,Great content but pace was too fast for beginners.,2025-02-16 13:22:00
Vikram Nair,React Fundamentals Bootcamp,4,One of the best training programs I have attended.,2025-02-20 20:41:00
Siddharth Das,Machine Learning Essentials,5,Instructor was very engaging and supportive throughout.,2025-03-24 03:15:00
Sunita Desai,JavaScript Advanced Concepts,2,The hands-on exercises were the best part of the program.,2024-10-06 13:11:00
Sneha Iyer,Data Engineering with Spark,5,"Excellent training, very well structured and informative.",2024-12-23 17:06:00
Varun Malhotra,JavaScript Advanced Concepts,4,"Content was outdated in some sections, needs updating.",2024-09-24 07:10:00
Sneha Iyer,FastAPI Masterclass,4,"Excellent training, very well structured and informative.",2025-04-10 12:57:00
Leela Murthy,Cloud Computing with AWS,4,,2024-12-09 08:59:00
Stephanie Lewis,JavaScript Advanced Concepts,2,"Content was outdated in some sections, needs updating.",2025-03-07 17:42:00
Ashley Jackson,Power BI Dashboards,5,Great content but pace was too fast for beginners.,2024-11-15 06:03:00
Sneha Iyer,Agile & Scrum Certification,4,Exceeded expectations. Highly recommended.,2025-03-11 10:03:00
Sneha Iyer,DevOps Pipeline Training,1,Absolutely loved the program. Will recommend to colleagues.,2025-04-24 16:10:00
Lauren Robinson,Flutter Mobile Development,2,The live projects were extremely helpful.,2024-09-18 19:04:00
Ashley Jackson,Agile & Scrum Certification,1,Would have preferred more interactive sessions.,2024-10-01 18:15:00
Ashley Jackson,Agile & Scrum Certification,5,One of the best training programs I have attended.,2024-09-21 13:42:00
Daniel Martinez,Power BI Dashboards,3,Very practical and industry-relevant training.,2025-04-28 08:13:00
Daniel Martinez,Data Engineering with Spark,3,Instructor was very engaging and supportive throughout.,2024-11-07 12:08:00
Leela Murthy,Agile & Scrum Certification,5,Trainer was knowledgeable and explained concepts clearly.,2024-11-20 02:00:00
Michael Brown,Cloud Computing with AWS,2,Average experience. Expected more depth in advanced topics.,2024-09-19 17:13:00
Meera Pillai,Docker & Kubernetes,3,Absolutely loved the program. Will recommend to colleagues.,2025-04-14 02:56:00
Ritika Chopra,Agile & Scrum Certification,5,"Excellent training, very well structured and informative.",2024-12-22 17:45:00
Daniel Martinez,Python for Data Science,2,The assignments helped reinforce the concepts well.,2025-02-18 17:19:00
Jessica Anderson,FastAPI Masterclass,3,Needs improvement in the assessment section.,2024-09-30 03:47:00
Pallavi Jain,Machine Learning Essentials,3,Exceeded expectations. Highly recommended.,2025-02-02 06:45:00
Sneha Iyer,Python for Data Science,4,The assignments helped reinforce the concepts well.,2025-01-04 08:57:00
Samantha Young,FastAPI Masterclass,3,Absolutely loved the program. Will recommend to colleagues.,2024-09-12 00:21:00
Stephanie Lewis,SQL and Database Design,5,"Excellent training, very well structured and informative.",2025-03-09 14:35:00
Chris Clark,Node.js Backend Development,2,Some modules were repetitive and could be condensed.,2024-09-29 02:56:00
Jessica Anderson,FastAPI Masterclass,4,Good overall but needs more real-world examples.,2024-09-10 11:37:00
Rohan Mehta,Node.js Backend Development,3,"Content was outdated in some sections, needs updating.",2024-09-11 09:23:00
Vikram Nair,Docker & Kubernetes,5,Training material was comprehensive and well-organized.,2025-02-22 07:42:00
Meera Pillai,Flutter Mobile Development,2,Absolutely loved the program. Will recommend to colleagues.,2025-02-06 23:09:00
Neha Verma,Power BI Dashboards,3,Training material was comprehensive and well-organized.,2025-04-14 13:01:00
Nicole Hall,Cybersecurity Fundamentals,2,The assignments helped reinforce the concepts well.,2025-03-25 21:55:00
Manoj Pandey,Flutter Mobile Development,1,Good introduction but lacks depth for experienced professionals.,2024-10-11 22:06:00
Leela Murthy,Docker & Kubernetes,3,Very practical and industry-relevant training.,2024-10-27 06:52:00
Siddharth Das,SQL and Database Design,3,The assignments helped reinforce the concepts well.,2024-10-28 00:42:00
Sunita Desai,Docker & Kubernetes,5,The live projects were extremely helpful.,2025-04-10 02:49:00
Priya Patel,Python for Data Science,3,Absolutely loved the program. Will recommend to colleagues.,2025-02-21 17:21:00
Vikram Nair,Agile & Scrum Certification,4,Average experience. Expected more depth in advanced topics.,2025-01-27 08:02:00
David Harris,DevOps Pipeline Training,1,The live projects were extremely helpful.,2025-03-06 10:27:00
Ravi Krishnan,React Fundamentals Bootcamp,4,"Excellent training, very well structured and informative.",2025-04-19 18:12:00
Kevin Walker,Power BI Dashboards,2,Average experience. Expected more depth in advanced topics.,2025-01-12 17:43:00
Pallavi Jain,Agile & Scrum Certification,3,,2024-12-20 02:42:00
Ritika Chopra,DevOps Pipeline Training,3,,2025-04-06 03:46:00
Chris Clark,Cloud Computing with AWS,5,Good overall but needs more real-world examples.,2024-12-14 10:25:00
Manoj Pandey,Data Engineering with Spark,2,Would have preferred more interactive sessions.,2024-10-20 13:42:00
Jessica Anderson,Flutter Mobile Development,1,Needs improvement in the assessment section.,2025-01-24 09:25:00
Ashley Jackson,Agile & Scrum Certification,3,Instructor was very engaging and supportive throughout.,2024-11-13 06:27:00
Kavya Menon,DevOps Pipeline Training,4,Absolutely loved the program. Will recommend to colleagues.,2024-12-23 14:43:00
Michael Brown,Data Engineering with Spark,5,One of the best training programs I have attended.,2025-02-16 02:18:00
Ritika Chopra,Machine Learning Essentials,2,Good overall but needs more real-world examples.,2024-09-24 07:43:00
James Wilson,Agile & Scrum Certification,1,Instructor was very engaging and supportive throughout.,2024-09-07 01:15:00
Siddharth Das,Power BI Dashboards,4,Good introduction but lacks depth for experienced professionals.,2024-12-16 20:36:00
Megan Garcia,Power BI Dashboards,1,Trainer was knowledgeable and explained concepts clearly.,2024-12-12 07:09:00
Neha Verma,Cybersecurity Fundamentals,5,Instructor was very engaging and supportive throughout.,2025-03-19 13:14:00
Deepa Kumar,JavaScript Advanced Concepts,2,Instructor was very engaging and supportive throughout.,2024-09-13 17:15:00
David Harris,Docker & Kubernetes,4,Would have preferred more interactive sessions.,2025-02-18 16:35:00
Nicole Hall,Cloud Computing with AWS,2,Very practical and industry-relevant training.,2025-02-11 03:01:00
Lauren Robinson,Power BI Dashboards,5,The hands-on exercises were the best part of the program.,2024-10-06 23:06:00
Priya Patel,Python for Data Science,2,Very practical and industry-relevant training.,2025-01-30 13:02:00
Jessica Anderson,Machine Learning Essentials,5,Training material was comprehensive and well-organized.,2025-01-08 19:01:00
Sunita Desai,Cybersecurity Fundamentals,1,Absolutely loved the program. Will recommend to colleagues.,2024-10-27 14:37:00
Sunita Desai,FastAPI Masterclass,2,One of the best training programs I have attended.,2025-02-26 13:21:00
Vikram Nair,Docker & Kubernetes,3,Would have preferred more interactive sessions.,2024-09-27 02:24:00
Leela Murthy,DevOps Pipeline Training,1,The live projects were extremely helpful.,2024-11-07 01:46:00
John Thompson,Agile & Scrum Certification,3,Fantastic experience from start to finish.,2024-09-21 17:18:00
Rohan Mehta,Data Engineering with Spark,2,Needs improvement in the assessment section.,2024-10-20 22:04:00
  john doe  ,react fundamentals bootcamp,6,Rating out of range,2024-10-15 10:00:00
,Python for Data Science,4,Missing name,2024-11-01 09:30:00
Alice Brown,Docker & Kubernetes,0,Invalid rating zero,2024-11-05 14:00:00
Bob Smith,  SQL and Database Design  ,3,,2024-10-20 11:00:00
carol white,agile & scrum certification,5,good,invalid-date
David Lee,Machine Learning Essentials,-1,Negative rating,2024-12-01 08:00:00
   ,Cloud Computing with AWS,4,Whitespace name,2024-12-05 10:00:00
Emma Johnson,,3,Missing program,2024-12-10 15:00:00
frank miller,node.js backend development,2,below average experience,2025-01-05 12:00:00
Grace Wilson,Power BI Dashboards,7,Rating above range,2025-01-10 16:00:00
